{"name":"saida","identifier":"GGXB5KEKUC","description":null,"parentIntentSignature":null,"sampleUtterances":[{"utterance":"Sair dessa solicitação"},{"utterance":"adeus"},{"utterance":"tchau"},{"utterance":"comes e bebes"},{"utterance":"chau"},{"utterance":"vlw"}],"intentConfirmationSetting":null,"intentClosingSetting":null,"initialResponseSetting":{"codeHook":{"isActive":true,"enableCodeHookInvocation":true,"invocationLabel":null,"postCodeHookSpecification":{"failureResponse":null,"failureNextStep":{"sessionAttributes":null,"dialogAction":{"type":"EndConversation","suppressNextMessage":null,"slotToElicit":null},"intent":{"name":null,"slots":null}},"failureConditional":null,"successConditional":null,"timeoutResponse":null,"timeoutNextStep":{"sessionAttributes":null,"dialogAction":{"type":"EndConversation","suppressNextMessage":null,"slotToElicit":null},"intent":{"name":null,"slots":null}},"timeoutConditional":null,"successNextStep":{"sessionAttributes":null,"dialogAction":{"type":"FulfillIntent","suppressNextMessage":null,"slotToElicit":null},"intent":{"name":null,"slots":null}},"successResponse":null}},"conditional":null,"nextStep":{"sessionAttributes":null,"dialogAction":{"type":"InvokeDialogCodeHook","suppressNextMessage":null,"slotToElicit":null},"intent":{"name":null,"slots":null}},"initialResponse":null},"inputContexts":null,"outputContexts":null,"kendraConfiguration":null,"dialogCodeHook":null,"fulfillmentCodeHook":{"isActive":true,"postFulfillmentStatusSpecification":{"failureResponse":null,"failureNextStep":{"sessionAttributes":null,"dialogAction":{"type":"EndConversation","suppressNextMessage":null,"slotToElicit":null},"intent":{"name":null,"slots":null}},"timeoutResponse":null,"timeoutNextStep":{"sessionAttributes":null,"dialogAction":{"type":"EndConversation","suppressNextMessage":null,"slotToElicit":null},"intent":{"name":null,"slots":null}},"successNextStep":{"sessionAttributes":null,"dialogAction":{"type":"EndConversation","suppressNextMessage":null,"slotToElicit":null},"intent":{"name":null,"slots":null}},"successResponse":{"messageGroupsList":[{"message":{"ssmlMessage":null,"customPayload":null,"plainTextMessage":{"value":"Obrigado por utilizar nosso serviços, até outro dia."},"imageResponseCard":null},"variations":null}],"allowInterrupt":true}},"fulfillmentUpdatesSpecification":null,"enabled":false},"slotPriorities":[]}