{"name":"Saudacoes","identifier":"Y1U1AGKER6","description":null,"parentIntentSignature":null,"sampleUtterances":[{"utterance":"Olá"},{"utterance":"Ola"},{"utterance":"ola"},{"utterance":"Oi"},{"utterance":"oi"}],"intentConfirmationSetting":null,"intentClosingSetting":null,"initialResponseSetting":{"codeHook":{"isActive":true,"invocationLabel":null,"postCodeHookSpecification":{"failureResponse":null,"failureNextStep":{"intent":{"name":null,"slots":null},"dialogAction":{"type":"EndConversation","slotToElicit":null,"suppressNextMessage":null},"sessionAttributes":null},"failureConditional":null,"successConditional":null,"timeoutResponse":null,"timeoutNextStep":{"intent":{"name":null,"slots":null},"dialogAction":{"type":"EndConversation","slotToElicit":null,"suppressNextMessage":null},"sessionAttributes":null},"timeoutConditional":null,"successNextStep":{"intent":{"name":null,"slots":null},"dialogAction":{"type":"EndConversation","slotToElicit":null,"suppressNextMessage":null},"sessionAttributes":null},"successResponse":null},"enableCodeHookInvocation":true},"conditional":null,"nextStep":{"intent":{"name":null,"slots":null},"dialogAction":{"type":"InvokeDialogCodeHook","slotToElicit":null,"suppressNextMessage":null},"sessionAttributes":null},"initialResponse":{"messageGroupsList":[{"message":{"ssmlMessage":null,"customPayload":null,"plainTextMessage":{"value":"Agradecemos o seu contato "},"imageResponseCard":null},"variations":null},{"message":{"ssmlMessage":null,"customPayload":null,"plainTextMessage":null,"imageResponseCard":{"title":"Selecione uma das opções abaixo","buttonsList":[{"value":"atendimento","text":"Desejo atendimento"},{"value":"sair","text":"Sair dessa solicitação"}],"subtitle":null,"imageUrl":null}},"variations":null}],"allowInterrupt":true}},"inputContexts":null,"outputContexts":null,"kendraConfiguration":null,"dialogCodeHook":null,"fulfillmentCodeHook":null,"slotPriorities":[]}